SNR,PDR,NoisePower,TXPower,Jammed
0,0.02,-100,-10,0
0.0462249614791984,0.05,-100,-10,0
0.0770416024653313,0.01,-100,-10,0
0.0770416024653313,0.01,-100,-10,0
0.0770416024653313,0.01,-100,-10,0
0.138674884437595,0.05,-100,-10,0
0.154083204930663,0.04,-100,-10,0
0.231124807395994,0.01,-100,-10,0
0.231124807395994,0.01,-100,-10,0
0.231124807395994,0.01,-100,-10,0
0.231124807395994,0.01,-100,-10,0
0.231124807395994,0.01,-100,-10,0
0.231124807395994,0.02,-100,-10,0
0.231124807395994,0.03,-100,-10,0
0.252696456086287,0.07,-100,-10,0
0.281972265023112,0.03,-100,-10,0
0.281972265023112,0.03,-100,-10,0
0.281972265023112,0.03,-100,-10,0
0.308166409861325,0.02,-100,-10,0
0.308166409861325,0.04,-100,-10,0
0.308166409861325,0.0600000000000001,-100,-10,0
0.322033898305083,0.17,-100,-10,0
0.326656394453003,0.13,-100,-10,0
0.328197226502311,0.08,-100,-10,0
0.345146379044684,0.27,-100,-10,0
0.346687211093991,0.04,-100,-10,0
0.355932203389831,0.22,-100,-10,0
0.357473035439139,0.55,-100,-10,0
0.362095531587059,0.13,-100,-10,0
0.365177195685671,0.08,-100,-10,0
0.366718027734976,0.17,-100,0,0
0.372881355932204,0.12,-100,-10,0
0.374422187981509,0.14,-100,-10,0
0.374422187981511,0.14,-100,-10,0
0.377503852080124,0.19,-100,-10,0
0.379044684129429,0.23,-100,-10,0
0.382126348228044,0.53,-100,-10,0
0.385208012326657,0.01,-100,0,0
0.385208012326657,0.01,-100,-10,0
0.385208012326657,0.01,-100,-10,0
0.385208012326657,0.01,-100,-10,0
0.385208012326657,0.01,-100,-10,0
0.385208012326657,0.01,-100,-10,0
0.385208012326657,0.01,-100,-10,0
0.385208012326657,0.01,-100,-10,0
0.385208012326657,0.01,-100,-10,0
0.385208012326657,0.02,-100,-10,0
0.385208012326657,0.04,-100,-10,0
0.385208012326657,0.04,-100,-10,0
0.385208012326657,0.13,-100,-10,0
0.385208012326657,0.2,-100,-10,0
0.385208012326657,0.24,-100,-10,0
0.385208012326657,0.28,-100,-10,0
0.386748844375962,0.62,-100,-10,0
0.391371340523882,0.25,-100,-10,0
0.391371340523882,0.8,-100,-10,0
0.394453004622497,0.36,-100,-10,0
0.395993836671804,0.15,-100,-10,0
0.399075500770417,0.11,-100,-10,0
0.399075500770417,0.23,-100,-10,0
0.399075500770417,0.32,-100,-10,0
0.400616332819722,0.32,-100,-10,0
0.400616332819724,0.1,-100,-10,0
0.40677966101695,0.07,-100,-10,0
0.40677966101695,0.14,-100,-10,0
0.412942989214175,0.54,-100,-10,0
0.417565485362095,0.19,-100,-10,0
0.417565485362097,0.19,-100,-10,0
0.419106317411402,0.18,-100,-10,0
0.422187981510015,0.34,-100,-10,0
0.422187981510015,0.41,-100,-10,0
0.422187981510017,0.29,-100,-10,0
0.422187981510017,0.34,-100,-10,0
0.423728813559322,0.04,-100,-10,0
0.423728813559322,0.12,-100,-10,0
0.426810477657935,0.3,-100,-10,0
0.426810477657937,0.56,-100,-10,0
0.428351309707242,0.14,-100,0,0
0.429892141756548,0.4,-100,0,0
0.42989214175655,0.42,-100,-10,0
0.42989214175655,0.58,-100,-10,0
0.431432973805855,0.23,-100,-10,0
0.431432973805857,0.33,-100,-10,0
0.43297380585516,0.23,-100,-10,0
0.432973805855162,0.13,-100,-10,0
0.432973805855162,0.32,-100,-10,0
0.436055469953775,0.03,-100,-10,0
0.436055469953775,0.0600000000000001,-100,-10,0
0.436055469953775,0.0600000000000001,-100,-10,0
0.436055469953775,0.27,-100,-10,0
0.436055469953775,0.64,-100,0,0
0.437596302003083,0.42,-100,0,0
0.437596302003083,0.44,-100,-10,0
0.439137134052388,0.54,-100,-10,0
0.442218798151003,0.19,-100,-10,0
0.442218798151003,0.24,-100,-10,0
0.445300462249615,0.21,-100,-10,0
0.445300462249615,0.23,-100,-10,0
0.44684129429892,0.05,-100,-10,0
0.44684129429892,0.1,-100,-10,0
0.446841294298923,0.1,-100,-10,0
0.448382126348228,0.27,-100,-10,0
0.448382126348228,0.88,-100,-10,0
0.449922958397535,0.12,-100,-10,0
0.451463790446841,0.33,-100,-10,0
0.451463790446843,0.21,-100,-10,0
0.453004622496148,0.18,-100,-10,0
0.453004622496148,0.55,-100,0,0
0.456086286594761,0.13,-100,-10,0
0.457627118644068,0.21,-100,-10,0
0.462249614791988,0.02,-100,-10,0
0.462249614791988,0.1,-100,0,0
0.462249614791988,0.1,-100,0,0
0.462249614791988,0.42,-100,-10,0
0.465331278890601,0.44,-100,-10,0
0.466872110939906,0.19,-100,-10,0
0.469953775038521,0.29,-100,-10,0
0.473035439137133,0.72,-100,0,0
0.476117103235746,0.24,-100,-10,0
0.477657935285053,0.05,-100,-10,0
0.477657935285053,0.05,-100,-10,0
0.477657935285053,0.15,-100,-10,0
0.479198767334361,0.8,-100,-10,0
0.480739599383666,0.13,-100,-10,0
0.480739599383666,0.47,-100,-10,0
0.483821263482281,0.41,-100,-10,0
0.486902927580896,0.26,-100,-10,0
0.488443759630201,0.03,-100,-10,0
0.488443759630201,0.0600000000000001,-100,-10,0
0.491525423728816,0.13,-100,-10,0
0.493066255778119,0.43,-100,-10,0
0.493066255778121,0.1,-100,-10,0
0.493066255778121,0.5,-100,-10,0
0.494607087827426,0.17,-100,0,0
0.494607087827426,0.24,-100,-10,0
0.496147919876734,0.46,-100,-10,0
0.496147919876736,0.14,-100,0,0
0.496147919876736,0.14,-100,-10,0
0.499229583975346,0.19,-100,-10,0
0.500770416024654,0.04,-100,-10,0
0.500770416024654,0.04,-100,-10,0
0.500770416024654,0.04,-100,-10,0
0.500770416024654,0.4,-100,-10,0
0.502311248073961,0.55,-100,-10,0
0.503852080123266,0.31,-100,-10,0
0.505392912172574,0.14,-100,-10,0
0.508474576271186,0.05,-100,-10,0
0.508474576271189,0.05,-100,-10,0
0.511556240369801,0.59,-100,-10,0
0.511556240369801,0.89,-100,0,0
0.514637904468412,0.25,-100,-10,0
0.516178736517719,0.27,-100,-10,0
0.516178736517719,0.62,-100,0,0
0.516178736517719,0.72,-100,0,0
0.519260400616332,0.31,-100,0,0
0.519260400616334,0.74,-100,-10,0
0.519260400616334,0.93,-100,0,0
0.522342064714947,0.09,-100,-10,0
0.522342064714947,0.26,-100,-10,0
0.522342064714947,0.64,-100,0,0
0.523882896764252,0.61,-100,-10,0
0.525423728813561,0.79,-100,0,0
0.525423728813561,0.91,-100,-10,0
0.530046224961479,0.35,-100,0,0
0.531587057010787,0.2,-100,0,0
0.531587057010787,0.2,-100,-10,0
0.531587057010787,0.78,-100,0,0
0.533127889060094,0.5,-100,0,0
0.536209553158707,0.35,-100,-10,0
0.536209553158707,0.36,-100,-10,0
0.536209553158707,0.43,-100,0,0
0.536209553158707,0.55,-100,0,0
0.536209553158707,0.7,-100,0,0
0.536209553158707,0.8,-100,0,0
0.536209553158707,0.81,-100,-10,0
0.536209553158707,0.94,-100,-10,0
0.539291217257319,0.01,-100,-10,0
0.539291217257319,0.01,-100,-10,0
0.539291217257319,0.01,-100,-10,0
0.539291217257319,0.05,-100,-10,0
0.542372881355932,0.68,-100,0,0
0.542372881355934,0.41,-100,-10,0
0.545454545454547,0.27,-100,-10,0
0.546995377503852,0.38,-100,-10,0
0.550077041602465,0.82,-100,0,0
0.550077041602467,0.13,-100,-10,0
0.553158705701077,0.24,-100,-10,0
0.554699537750387,0.2,-100,-10,0
0.559322033898305,0.16,-100,-10,0
0.559322033898305,0.57,-100,0,0
0.559322033898307,0.79,-100,-10,0
0.56240369799692,0.77,-100,0,0
0.565485362095532,0.41,-100,-10,0
0.565485362095532,0.58,-100,0,0
0.565485362095532,0.77,-100,-10,0
0.567026194144838,0.11,-100,-10,0
0.567026194144838,0.82,-100,-10,0
0.568567026194145,0.16,-100,0,0
0.568567026194145,0.26,-100,-10,0
0.568567026194145,0.43,-100,-10,0
0.570107858243452,0.25,-100,-10,0
0.570107858243452,0.78,-100,0,0
0.570107858243452,0.82,-100,0,0
0.57473035439137,0.48,-100,0,0
0.574730354391372,0.52,-100,0,0
0.576271186440678,0.54,-100,0,0
0.57627118644068,0.33,-100,-10,0
0.577812018489985,0.37,-100,-10,0
0.583975346687213,0.62,-100,0,0
0.585516178736518,0.51,-100,0,0
0.587057010785825,0.42,-100,-10,0
0.58859784283513,0.71,-100,-10,0
0.58859784283513,0.8,-100,0,0
0.588597842835133,0.84,-100,0,0
0.590138674884438,0.03,-100,-10,0
0.590138674884438,0.0600000000000001,-100,-10,0
0.591679506933745,0.27,-100,0,0
0.591679506933745,0.45,-100,-10,0
0.596302003081663,0.69,-100,0,0
0.596302003081663,0.71,-100,0,0
0.596302003081665,0.19,-100,-10,0
0.596302003081665,0.3,-100,-10,0
0.596302003081665,0.48,-100,0,0
0.59784283513097,0.29,-100,-10,0
0.604006163328198,0.36,-100,-10,0
0.604006163328198,0.36,-100,-10,0
0.607087827426811,0.41,-100,0,0
0.608628659476116,0.68,-100,0,0
0.610169491525423,0.96,-100,0,0
0.610169491525425,0.32,-100,-10,0
0.611710323574731,0.88,-100,0,0
0.613251155624036,0.52,-100,-10,0
0.614791987673343,0.74,-100,0,0
0.616332819722651,0.02,-100,-10,0
0.616332819722651,0.02,-100,-10,0
0.616332819722651,0.02,-100,-10,0
0.616332819722651,0.0600000000000001,-100,-10,0
0.616332819722651,0.08,-100,-10,0
0.616332819722651,0.18,-100,-10,0
0.616332819722651,0.82,-100,0,0
0.616332819722651,0.83,-100,0,0
0.620955315870571,0.19,-100,-10,0
0.620955315870571,0.9,-100,0,0
0.622496147919878,0.87,-100,0,0
0.625577812018491,0.82,-100,0,0
0.627118644067796,0.85,-100,0,0
0.627118644067798,0.14,-100,-10,0
0.630200308166411,0.7,-100,0,0
0.631741140215716,0.43,-100,-10,0
0.633281972265024,0.46,-100,-10,0
0.633281972265024,0.68,-100,0,0
0.633281972265026,0.85,-100,0,0
0.634822804314329,0.99,-100,0,0
0.634822804314331,0.74,-100,-10,0
0.637904468412944,0.14,-100,-10,0
0.637904468412944,0.69,-100,-10,0
0.637904468412944,0.8,-100,0,0
0.639445300462249,0.17,-100,-10,0
0.639445300462251,0.45,-100,0,0
0.639445300462251,0.98,-100,0,0
0.640986132511556,0.41,-100,-10,0
0.642526964560864,0.0600000000000001,-100,-10,0
0.642526964560864,0.55,-100,0,0
0.642526964560864,0.66,-100,0,0
0.648690292758091,0.89,-100,0,0
0.650231124807396,0.6,-100,-10,0
0.653312788906011,0.34,-100,-10,0
0.653312788906011,0.47,-100,-10,0
0.654853620955316,0.49,-100,-10,0
0.656394453004622,0.9,-100,0,0
0.657935285053929,0.53,-100,-10,0
0.659476117103237,0.18,-100,-10,0
0.661016949152542,0.98,-100,0,0
0.662557781201851,0.15,-100,-10,0
0.664098613251156,0.85,-100,0,0
0.664098613251156,0.88,-100,0,0
0.665639445300462,0.79,-100,0,0
0.665639445300464,0.86,-100,0,0
0.667180277349769,0.76,-100,0,0
0.668721109399077,0.92,-100,0,0
0.670261941448382,0.14,-100,0,0
0.670261941448382,0.86,-100,0,0
0.673343605546994,0.51,-100,-10,0
0.676425269645609,0.45,-100,-10,0
0.677966101694917,0.99,-100,0,0
0.679506933744222,0.93,-100,-10,0
0.679506933744224,0.47,-100,-10,0
0.681047765793529,0.88,-100,0,0
0.682588597842835,0.93,-100,0,0
0.685670261941449,0.2,-100,0,0
0.687211093990755,0.75,-100,0,0
0.688751926040062,0.9,-100,0,0
0.690292758089367,0.55,-100,-10,0
0.691833590138675,0.87,-100,-10,0
0.693374422187982,0.01,-100,-10,0
0.693374422187982,0.02,-100,-10,0
0.693374422187982,0.02,-100,-10,0
0.693374422187982,0.07,-100,-10,0
0.693374422187982,0.24,-100,-10,0
0.693374422187982,0.84,-100,-10,0
0.697996918335902,0.87,-100,-10,0
0.69953775038521,0.92,-100,0,0
0.69953775038521,0.98,-100,0,0
0.702619414483822,0.95,-100,0,0
0.705701078582435,0.26,-100,0,0
0.705701078582435,0.89,-100,0,0
0.705701078582437,0.91,-100,0,0
0.707241910631742,0.67,-100,-10,0
0.710323574730355,0.8,-100,0,0
0.711864406779662,0.41,-100,0,0
0.713405238828968,0.82,-100,0,0
0.713405238828968,0.82,-100,0,0
0.713405238828968,0.9,-100,0,0
0.71648690292758,0.99,-100,0,0
0.716486902927582,0.93,-100,0,0
0.71802773497689,0.92,-100,0,0
0.719568567026195,0.77,-100,0,0
0.727272727272728,0.8,-100,0,0
0.727272727272728,0.86,-100,-10,0
0.727272727272728,0.95,-100,0,0
0.730354391371343,0.72,-100,0,0
0.733436055469953,0.79,-100,0,0
0.733436055469953,0.91,-100,0,0
0.733436055469955,0.95,-100,0,0
0.73497688751926,0.96,-100,0,0
0.736517719568568,0.59,-100,-10,0
0.73959938366718,0.93,-100,0,0
0.73959938366718,0.96,-100,0,0
0.741140215716486,0.93,-100,0,0
0.741140215716488,0.83,-100,0,0
0.741140215716488,0.92,-100,0,0
0.742681047765793,0.99,-100,0,0
0.7442218798151,0.8,-100,-10,0
0.745762711864408,0.62,-100,0,0
0.748844375963021,0.96,-100,0,0
0.750385208012328,0.84,-100,0,0
0.755007704160248,0.58,-100,-10,0
0.755007704160248,0.91,-100,0,0
0.756548536209553,0.73,-100,0,0
0.756548536209555,0.9,-100,0,0
0.758089368258861,0.84,-100,0,0
0.758089368258861,0.96,-100,0,0
0.759630200308168,0.93,-100,0,0
0.761171032357473,0.89,-100,-10,0
0.767334360554699,0.82,-100,0,0
0.767334360554701,0.48,-100,-10,0
0.767334360554701,0.75,-100,0,0
0.768875192604006,0.57,-100,0,0
0.770416024653313,0.72,-100,0,0
0.770416024653313,0.83,-100,0,0
0.773497688751926,0.8,-100,0,0
0.778120184899846,0.99,-100,0,0
0.779661016949154,0.77,-100,0,0
0.779661016949154,0.96,-100,0,0
0.781201848998459,0.94,-100,0,0
0.784283513097071,0.88,-100,0,0
0.784283513097074,0.95,-100,0,0
0.790446841294301,0.9,-100,0,0
0.799691833590141,0.94,-100,-10,0
0.801232665639446,0.91,-100,0,0
0.808936825885979,0.83,-100,0,0
0.810477657935284,0.99,-100,-10,0
0.812018489984592,0.69,-100,-10,0
0.812018489984592,0.95,-100,0,0
0.821263482280432,0.93,-100,0,0
0.821263482280432,0.97,-100,0,0
0.821263482280432,0.99,-100,0,0
0.822804314329739,0.94,-100,0,0
0.825885978428352,0.51,-100,0,0
0.825885978428352,0.98,-100,0,0
0.833590138674885,0.94,-100,0,0
0.836671802773499,0.71,-100,-10,0
0.839753466872112,0.77,-100,0,0
0.841294298921417,0.83,-100,0,0
0.84437596302003,0.97,-100,0,0
0.844375963020032,0.55,-100,0,0
0.850539291217257,0.98,-100,-10,0
0.855161787365177,0.99,-100,0,0
0.85824345146379,0.94,-100,0,0
0.865947611710323,0.91,-100,0,0
0.865947611710325,0.92,-100,0,0
0.865947611710325,0.96,-100,0,0
0.869029275808938,0.93,-100,0,0
0.875192604006163,0.98,-100,0,0
0.88135593220339,0.91,-100,-10,0
0.88135593220339,0.93,-100,-10,0
0.882896764252698,0.95,-100,0,0
0.890600924499231,0.95,-100,0,0
0.895223420647151,0.92,-100,0,0
0.896764252696456,0.95,-100,0,0
0.902927580893683,0.97,-100,0,0
0.918335901386749,0.99,-100,-10,0
0.929121725731896,0.94,-100,0,0
0.930662557781201,0.98,-100,0,0
0.938366718027736,0.9,-100,0,0
0.941448382126349,0.89,-100,0,0
0.956856702619416,0.99,-100,0,0
0.958397534668722,0.99,-100,0,0
0.959938366718027,0.87,-100,0,0
0.961479198767335,0.76,-100,0,0
0.966101694915254,0.95,-100,-10,0
0.967642526964562,0.91,-100,0,0
0.969183359013867,0.76,-100,0,0
0.970724191063175,0.99,-100,0,0
0.984591679506935,0.84,-100,0,0
0.98613251155624,0.95,-100,0,0
0.986132511556242,0.97,-100,0,0
0.989214175654855,0.95,-100,0,0
1,0.95,-100,0,0
0.0696378830083565,0.164,-29,-10,1
0.20891364902507,0.149,-29,-10,1
0.222841225626741,0.154,-29,-10,1
0.32033426183844,0.149,-29,-10,1
0.181058495821727,0.162,-29,-10,1
0.100278551532033,0.136,-29,-10,1
0.267409470752089,0.153,-29,-10,1
0.125348189415042,0.14,-29,-10,1
0.222841225626741,0.125,-29,-10,1
0.16991643454039,0.15,-29,-10,1
0.337047353760446,0.154,-29,-10,1
0,0.165,-29,-10,1
0.286908077994429,0.14,-29,-10,1
0.306406685236769,0.159,-29,-10,1
0.247910863509749,0.144,-29,-10,1
0.116991643454038,0.157,-29,-10,1
0.0835654596100281,0.144,-29,-10,1
0.403899721448468,0.146,-29,-10,1
0.147632311977716,0.152,-29,-10,1
0.15041782729805,0.14,-29,-10,1
0.164345403899721,0.151,-29,-10,1
0.328690807799443,0.146,-29.5,-10,1
0.334261838440111,0.123,-29.5,-10,1
0.259052924791086,0.161,-29.5,-10,1
0.284122562674095,0.146,-29.5,-10,1
0.409470752089136,0.148,-29.5,-10,1
0.286908077994429,0.138,-29.5,-10,1
0.20891364902507,0.154,-29.5,-10,1
0.350974930362116,0.136,-29.5,-10,1
0.22841225626741,0.136,-29.5,-10,1
0.139275766016713,0.14,-29.5,-10,1
0.289693593314763,0.158,-29.5,-10,1
0.367688022284123,0.151,-29.5,-10,1
0.328690807799443,0.158,-29.5,-10,1
0.298050139275766,0.145,-29.5,-10,1
0.0724233983286903,0.144,-29.5,-10,1
0.462395543175488,0.144,-29.5,-10,1
0.275766016713091,0.151,-29.5,-10,1
0.256267409470752,0.132,-29.5,-10,1
0.428969359331476,0.155,-29.5,-10,1
0.3008356545961,0.146,-29.5,-10,1
0.194986072423398,0.153,-29.5,-10,1
0.18941504178273,0.141,-30,-10,1
0.295264623955431,0.172,-30,-10,1
0.345403899721448,0.16,-30,-10,1
0.22841225626741,0.154,-30,-10,1
0.353760445682451,0.153,-30,-10,1
0.35933147632312,0.152,-30,-10,1
0.233983286908078,0.145,-30,-10,1
0.298050139275766,0.153,-30,-10,1
0.242339832869081,0.148,-30,-10,1
0.337047353760446,0.145,-30,-10,1
0.395543175487465,0.148,-30,-10,1
0.264623955431755,0.152,-30,-10,1
0.370473537604456,0.153,-30,-10,1
0.323119777158774,0.171,-30,-10,1
0.242339832869081,0.157,-30,-10,1
0.398328690807799,0.156,-30,-10,1
0.264623955431755,0.135,-30,-10,1
0.342618384401114,0.161,-30,-10,1
0.356545961002786,0.127,-30,-10,1
0.136490250696378,0.157,-30,-10,1
0.370473537604456,0.114,-30,-10,1
0.493036211699164,0.137,-30.5,-10,1
0.437325905292479,0.157,-30.5,-10,1
0.509749303621169,0.144,-30.5,-10,1
0.348189415041783,0.169,-30.5,-10,1
0.454038997214484,0.15,-30.5,-10,1
0.253481894150418,0.14,-30.5,-10,1
0.32033426183844,0.167,-30.5,-10,1
0.317548746518106,0.144,-30.5,-10,1
0.345403899721448,0.158,-30.5,-10,1
0.387186629526463,0.17,-30.5,-10,1
0.459610027855153,0.138,-30.5,-10,1
0.498607242339833,0.15,-30.5,-10,1
0.370473537604456,0.16,-30.5,-10,1
0.465181058495821,0.175,-30.5,-10,1
0.384401114206128,0.176,-30.5,-10,1
0.49025069637883,0.155,-30.5,-10,1
0.454038997214484,0.149,-30.5,-10,1
0.253481894150418,0.153,-30.5,-10,1
0.381615598885794,0.165,-30.5,-10,1
0.431754874651811,0.162,-30.5,-10,1
0.395543175487465,0.151,-30.5,-10,1
0.259052924791086,0.159,-31,-10,1
0.445682451253482,0.187,-31,-10,1
0.526462395543176,0.178,-31,-10,1
0.462395543175488,0.193,-31,-10,1
0.498607242339833,0.187,-31,-10,1
0.537604456824513,0.179,-31,-10,1
0.442896935933148,0.178,-31,-10,1
0.445682451253482,0.183,-31,-10,1
0.337047353760446,0.157,-31,-10,1
0.325905292479108,0.163,-31,-10,1
0.395543175487465,0.175,-31,-10,1
0.493036211699164,0.174,-31,-10,1
0.353760445682451,0.161,-31,-10,1
0.373259052924791,0.176,-31,-10,1
0.381615598885794,0.166,-31,-10,1
0.515320334261839,0.156,-31,-10,1
0.448467966573816,0.169,-31,-10,1
0.467966573816156,0.186,-31,-10,1
0.481894150417827,0.176,-31,-10,1
0.459610027855153,0.167,-31,-10,1
0.442896935933148,0.178,-31,-10,1
0.518105849582173,0.189,-31.5,-10,1
0.331476323119778,0.182,-31.5,-10,1
0.629526462395543,0.215,-31.5,-10,1
0.598885793871866,0.213,-31.5,-10,1
0.646239554317549,0.194,-31.5,-10,1
0.49025069637883,0.195,-31.5,-10,1
0.532033426183844,0.218,-31.5,-10,1
0.462395543175488,0.192,-31.5,-10,1
0.415041782729805,0.185,-31.5,-10,1
0.565459610027855,0.2,-31.5,-10,1
0.618384401114206,0.188,-31.5,-10,1
0.576601671309192,0.181,-31.5,-10,1
0.509749303621169,0.217,-31.5,-10,1
0.473537604456824,0.204,-31.5,-10,1
0.395543175487465,0.187,-31.5,-10,1
0.532033426183844,0.203,-31.5,-10,1
0.401114206128134,0.179,-31.5,-10,1
0.451253481894151,0.194,-31.5,-10,1
0.440111420612813,0.202,-31.5,-10,1
0.629526462395543,0.19,-31.5,-10,1
0.470752089136491,0.201,-31.5,-10,1
0.548746518105849,0.252,-32,-10,1
0.554317548746518,0.214,-32,-10,1
0.557103064066852,0.243,-32,-10,1
0.506963788300836,0.238,-32,-10,1
0.621169916434541,0.257,-32,-10,1
0.565459610027855,0.237,-32,-10,1
0.403899721448468,0.246,-32,-10,1
0.551532033426184,0.225,-32,-10,1
0.526462395543176,0.253,-32,-10,1
0.551532033426184,0.218,-32,-10,1
0.579387186629526,0.236,-32,-10,1
0.587743732590529,0.264,-32,-10,1
0.559888579387186,0.245,-32,-10,1
0.548746518105849,0.25,-32,-10,1
0.557103064066852,0.234,-32,-10,1
0.601671309192201,0.24,-32,-10,1
0.562674094707521,0.247,-32,-10,1
0.612813370473537,0.235,-32,-10,1
0.437325905292479,0.216,-32,-10,1
0.532033426183844,0.25,-32,-10,1
0.540389972144847,0.228,-32,-10,1
0.551532033426184,0.216,-32,-10,1
0.518105849582173,0.244,-32.5,-10,1
0.688022284122562,0.295,-32.5,-10,1
0.598885793871866,0.306,-32.5,-10,1
0.626740947075209,0.289,-32.5,-10,1
0.529247910863509,0.278,-32.5,-10,1
0.576601671309192,0.291,-32.5,-10,1
0.610027855153204,0.28,-32.5,-10,1
0.562674094707521,0.305,-32.5,-10,1
0.576601671309192,0.29,-32.5,-10,1
0.537604456824513,0.296,-32.5,-10,1
0.598885793871866,0.311,-32.5,-10,1
0.562674094707521,0.26,-32.5,-10,1
0.481894150417827,0.28,-32.5,-10,1
0.442896935933148,0.301,-32.5,-10,1
0.534818941504178,0.281,-32.5,-10,1
0.545961002785516,0.301,-32.5,-10,1
0.543175487465181,0.268,-32.5,-10,1
0.629526462395543,0.297,-32.5,-10,1
0.632311977715877,0.296,-32.5,-10,1
0.732590529247911,0.307,-32.8,-10,1
0.598885793871866,0.327,-32.8,-10,1
0.415041782729805,0.326,-32.8,-10,1
0.637883008356546,0.33,-32.8,-10,1
0.651810584958217,0.303,-32.8,-10,1
0.685236768802229,0.318,-32.8,-10,1
0.610027855153204,0.298,-32.8,-10,1
0.704735376044569,0.319,-32.8,-10,1
0.573816155988858,0.317,-32.8,-10,1
0.562674094707521,0.289,-32.8,-10,1
0.571030640668524,0.311,-32.8,-10,1
0.66016713091922,0.324,-32.8,-10,1
0.713091922005571,0.294,-32.8,-10,1
0.637883008356546,0.307,-32.8,-10,1
0.623955431754874,0.336,-32.8,-10,1
0.701949860724234,0.346,-32.8,-10,1
0.665738161559889,0.329,-32.8,-10,1
0.576601671309192,0.294,-32.8,-10,1
0.662952646239554,0.315,-32.8,-10,1
0.635097493036212,0.296,-32.8,-10,1
0.649025069637883,0.293,-32.8,-10,1
0.607242339832869,0.353,-33,-10,1
0.554317548746518,0.365,-33,-10,1
0.607242339832869,0.385,-33,-10,1
0.626740947075209,0.366,-33,-10,1
0.529247910863509,0.364,-33,-10,1
0.674094707520891,0.378,-33,-10,1
0.610027855153204,0.362,-33,-10,1
0.607242339832869,0.38,-33,-10,1
0.668523676880223,0.373,-33,-10,1
0.740947075208914,0.39,-33,-10,1
0.596100278551532,0.381,-33,-10,1
0.729805013927577,0.39,-33,-10,1
0.67966573816156,0.376,-33,-10,1
0.657381615598886,0.367,-33,-10,1
0.668523676880223,0.364,-33,-10,1
0.598885793871866,0.374,-33,-10,1
0.598885793871866,0.341,-33,-10,1
0.66016713091922,0.362,-33,-10,1
0.651810584958217,0.366,-33,-10,1
0.557103064066852,0.348,-33,-10,1
0.604456824512534,0.352,-33,-10,1
0.632311977715877,0.373,-33.2,-10,1
0.632311977715877,0.419,-33.2,-10,1
0.623955431754874,0.373,-33.2,-10,1
0.654596100278552,0.373,-33.2,-10,1
0.629526462395543,0.388,-33.2,-10,1
0.637883008356546,0.37,-33.2,-10,1
0.668523676880223,0.406,-33.2,-10,1
0.629526462395543,0.365,-33.2,-10,1
0.657381615598886,0.39,-33.2,-10,1
0.674094707520891,0.361,-33.2,-10,1
0.571030640668524,0.362,-33.2,-10,1
0.615598885793872,0.367,-33.2,-10,1
0.621169916434541,0.367,-33.2,-10,1
0.713091922005571,0.357,-33.2,-10,1
0.740947075208914,0.386,-33.2,-10,1
0.668523676880223,0.386,-33.2,-10,1
0.545961002785516,0.406,-33.2,-10,1
0.610027855153204,0.378,-33.2,-10,1
0.582172701949861,0.4,-33.2,-10,1
0.657381615598886,0.403,-33.2,-10,1
0.674094707520891,0.389,-33.2,-10,1
0.582172701949861,0.464,-33.5,-10,1
0.688022284122562,0.462,-33.5,-10,1
0.696378830083565,0.454,-33.5,-10,1
0.643454038997214,0.476,-33.5,-10,1
0.704735376044569,0.452,-33.5,-10,1
0.651810584958217,0.461,-33.5,-10,1
0.590529247910864,0.485,-33.5,-10,1
0.654596100278552,0.457,-33.5,-10,1
0.676880222841226,0.477,-33.5,-10,1
0.707520891364902,0.437,-33.5,-10,1
0.671309192200557,0.446,-33.5,-10,1
0.64066852367688,0.463,-33.5,-10,1
0.665738161559889,0.464,-33.5,-10,1
0.704735376044569,0.441,-33.5,-10,1
0.629526462395543,0.463,-33.5,-10,1
0.671309192200557,0.444,-33.5,-10,1
0.64066852367688,0.438,-33.5,-10,1
0.707520891364902,0.444,-33.5,-10,1
0.718662952646239,0.466,-33.5,-10,1
0.66016713091922,0.448,-33.5,-10,1
0.598885793871866,0.43,-33.5,-10,1
0.693593314763231,0.53,-33.8,-10,1
0.629526462395543,0.498,-33.8,-10,1
0.729805013927577,0.532,-33.8,-10,1
0.618384401114206,0.493,-33.8,-10,1
0.618384401114206,0.488,-33.8,-10,1
0.654596100278552,0.496,-33.8,-10,1
0.685236768802229,0.512,-33.8,-10,1
0.752089136490251,0.514,-33.8,-10,1
0.735376044568245,0.519,-33.8,-10,1
0.67966573816156,0.547,-33.8,-10,1
0.637883008356546,0.479,-33.8,-10,1
0.676880222841226,0.514,-33.8,-10,1
0.571030640668524,0.507,-33.8,-10,1
0.646239554317549,0.516,-33.8,-10,1
0.754874651810585,0.501,-33.8,-10,1
0.665738161559889,0.486,-33.8,-10,1
0.685236768802229,0.527,-33.8,-10,1
0.676880222841226,0.52,-33.8,-10,1
0.715877437325905,0.502,-33.8,-10,1
0.621169916434541,0.522,-33.8,-10,1
0.593314763231197,0.522,-33.8,-10,1
0.623955431754874,0.564,-34,-10,1
0.662952646239554,0.575,-34,-10,1
0.671309192200557,0.591,-34,-10,1
0.699164345403899,0.564,-34,-10,1
0.674094707520891,0.565,-34,-10,1
0.632311977715877,0.588,-34,-10,1
0.635097493036212,0.566,-34,-10,1
0.665738161559889,0.557,-34,-10,1
0.713091922005571,0.555,-34,-10,1
0.704735376044569,0.603,-34,-10,1
0.626740947075209,0.56,-34,-10,1
0.674094707520891,0.567,-34,-10,1
0.67966573816156,0.583,-34,-10,1
0.671309192200557,0.574,-34,-10,1
0.598885793871866,0.557,-34,-10,1
0.674094707520891,0.549,-34,-10,1
0.707520891364902,0.558,-34,-10,1
0.646239554317549,0.579,-34,-10,1
0.699164345403899,0.553,-34,-10,1
0.604456824512534,0.545,-34,-10,1
0.66016713091922,0.535,-34,-10,1
0.618384401114206,0.553,-34.2,-10,1
0.676880222841226,0.626,-34.2,-10,1
0.635097493036212,0.584,-34.2,-10,1
0.707520891364902,0.614,-34.2,-10,1
0.668523676880223,0.65,-34.2,-10,1
0.615598885793872,0.611,-34.2,-10,1
0.688022284122562,0.618,-34.2,-10,1
0.646239554317549,0.618,-34.2,-10,1
0.752089136490251,0.62,-34.2,-10,1
0.707520891364902,0.601,-34.2,-10,1
0.626740947075209,0.618,-34.2,-10,1
0.582172701949861,0.592,-34.2,-10,1
0.685236768802229,0.622,-34.2,-10,1
0.612813370473537,0.604,-34.2,-10,1
0.646239554317549,0.596,-34.2,-10,1
0.632311977715877,0.624,-34.2,-10,1
0.66016713091922,0.612,-34.2,-10,1
0.629526462395543,0.612,-34.2,-10,1
0.646239554317549,0.646,-34.2,-10,1
0.685236768802229,0.63,-34.2,-10,1
0.632311977715877,0.636,-34.2,-10,1
0.682451253481894,0.61,-34.4,-10,1
0.66016713091922,0.653,-34.4,-10,1
0.713091922005571,0.649,-34.4,-10,1
0.651810584958217,0.66,-34.4,-10,1
0.562674094707521,0.65,-34.4,-10,1
0.696378830083565,0.665,-34.4,-10,1
0.685236768802229,0.668,-34.4,-10,1
0.623955431754874,0.664,-34.4,-10,1
0.682451253481894,0.688,-34.4,-10,1
0.582172701949861,0.68,-34.4,-10,1
0.682451253481894,0.684,-34.4,-10,1
0.693593314763231,0.688,-34.4,-10,1
0.696378830083565,0.664,-34.4,-10,1
0.721448467966574,0.666,-34.4,-10,1
0.707520891364902,0.673,-34.4,-10,1
0.710306406685237,0.65,-34.4,-10,1
0.615598885793872,0.668,-34.4,-10,1
0.637883008356546,0.656,-34.4,-10,1
0.688022284122562,0.669,-34.4,-10,1
0.612813370473537,0.667,-34.4,-10,1
0.584958217270195,0.651,-34.4,-10,1
0.643454038997214,0.714,-34.5,-10,1
0.573816155988858,0.724,-34.5,-10,1
0.612813370473537,0.711,-34.5,-10,1
0.743732590529247,0.734,-34.5,-10,1
0.612813370473537,0.711,-34.5,-10,1
0.676880222841226,0.72,-34.5,-10,1
0.649025069637883,0.714,-34.5,-10,1
0.682451253481894,0.696,-34.5,-10,1
0.601671309192201,0.717,-34.5,-10,1
0.676880222841226,0.675,-34.5,-10,1
0.643454038997214,0.71,-34.5,-10,1
0.674094707520891,0.703,-34.5,-10,1
0.682451253481894,0.726,-34.5,-10,1
0.629526462395543,0.725,-34.5,-10,1
0.688022284122562,0.721,-34.5,-10,1
0.721448467966574,0.721,-34.5,-10,1
0.693593314763231,0.71,-34.5,-10,1
0.715877437325905,0.708,-34.5,-10,1
0.688022284122562,0.702,-34.5,-10,1
0.612813370473537,0.731,-34.5,-10,1
0.637883008356546,0.715,-34.5,-10,1
0.607242339832869,0.668,-34.8,-10,1
0.735376044568245,0.757,-34.8,-10,1
0.587743732590529,0.692,-34.8,-10,1
0.713091922005571,0.747,-34.8,-10,1
0.607242339832869,0.734,-34.8,-10,1
0.699164345403899,0.773,-34.8,-10,1
0.676880222841226,0.755,-34.8,-10,1
0.629526462395543,0.751,-34.8,-10,1
0.651810584958217,0.747,-34.8,-10,1
0.601671309192201,0.731,-34.8,-10,1
0.651810584958217,0.737,-34.8,-10,1
0.587743732590529,0.73,-34.8,-10,1
0.632311977715877,0.739,-34.8,-10,1
0.565459610027855,0.715,-34.8,-10,1
0.738161559888579,0.753,-34.8,-10,1
0.537604456824513,0.721,-34.8,-10,1
0.676880222841226,0.729,-34.8,-10,1
0.732590529247911,0.75,-34.8,-10,1
0.707520891364902,0.731,-34.8,-10,1
0.685236768802229,0.736,-34.8,-10,1
0.676880222841226,0.724,-34.8,-10,1
0.685236768802229,0.786,-35,-10,1
0.67966573816156,0.824,-35,-10,1
0.688022284122562,0.811,-35,-10,1
0.654596100278552,0.809,-35,-10,1
0.688022284122562,0.82,-35,-10,1
0.671309192200557,0.817,-35,-10,1
0.704735376044569,0.807,-35,-10,1
0.668523676880223,0.8,-35,-10,1
0.707520891364902,0.773,-35,-10,1
0.676880222841226,0.818,-35,-10,1
0.690807799442897,0.793,-35,-10,1
0.626740947075209,0.804,-35,-10,1
0.643454038997214,0.813,-35,-10,1
0.66016713091922,0.809,-35,-10,1
0.64066852367688,0.803,-35,-10,1
0.724233983286908,0.793,-35,-10,1
0.682451253481894,0.833,-35,-10,1
0.64066852367688,0.815,-35,-10,1
0.67966573816156,0.817,-35,-10,1
0.67966573816156,0.81,-35,-10,1
0.668523676880223,0.818,-35,-10,1
0.66016713091922,0.822,-35.2,-10,1
0.568245125348189,0.816,-35.2,-10,1
0.688022284122562,0.806,-35.2,-10,1
0.676880222841226,0.823,-35.2,-10,1
0.682451253481894,0.862,-35.2,-10,1
0.668523676880223,0.838,-35.2,-10,1
0.637883008356546,0.825,-35.2,-10,1
0.724233983286908,0.837,-35.2,-10,1
0.657381615598886,0.828,-35.2,-10,1
0.657381615598886,0.811,-35.2,-10,1
0.621169916434541,0.833,-35.2,-10,1
0.676880222841226,0.824,-35.2,-10,1
0.682451253481894,0.838,-35.2,-10,1
0.727019498607242,0.843,-35.2,-10,1
0.668523676880223,0.824,-35.2,-10,1
0.735376044568245,0.828,-35.2,-10,1
0.699164345403899,0.83,-35.2,-10,1
0.649025069637883,0.851,-35.2,-10,1
0.707520891364902,0.82,-35.2,-10,1
0.626740947075209,0.821,-35.2,-10,1
0.724233983286908,0.83,-35.2,-10,1
0.743732590529247,0.834,-35.5,-10,1
0.752089136490251,0.883,-35.5,-10,1
0.735376044568245,0.89,-35.5,-10,1
0.729805013927577,0.911,-35.5,-10,1
0.746518105849582,0.904,-35.5,-10,1
0.788300835654596,0.89,-35.5,-10,1
0.738161559888579,0.909,-35.5,-10,1
0.668523676880223,0.888,-35.5,-10,1
0.721448467966574,0.889,-35.5,-10,1
0.740947075208914,0.893,-35.5,-10,1
0.635097493036212,0.872,-35.5,-10,1
0.651810584958217,0.885,-35.5,-10,1
0.752089136490251,0.889,-35.5,-10,1
0.746518105849582,0.895,-35.5,-10,1
0.777158774373259,0.9,-35.5,-10,1
0.704735376044569,0.891,-35.5,-10,1
0.763231197771587,0.906,-35.5,-10,1
0.740947075208914,0.893,-35.5,-10,1
0.749303621169917,0.909,-35.5,-10,1
0.777158774373259,0.895,-35.5,-10,1
0.713091922005571,0.91,-35.5,-10,1
0.774373259052925,0.881,-35.8,-10,1
0.802228412256267,0.92,-35.8,-10,1
0.777158774373259,0.923,-35.8,-10,1
0.738161559888579,0.917,-35.8,-10,1
0.693593314763231,0.915,-35.8,-10,1
0.757660167130919,0.93,-35.8,-10,1
0.782729805013927,0.939,-35.8,-10,1
0.746518105849582,0.908,-35.8,-10,1
0.79108635097493,0.911,-35.8,-10,1
0.729805013927577,0.925,-35.8,-10,1
0.721448467966574,0.903,-35.8,-10,1
0.749303621169917,0.925,-35.8,-10,1
0.805013927576602,0.916,-35.8,-10,1
0.729805013927577,0.936,-35.8,-10,1
0.746518105849582,0.918,-35.8,-10,1
0.738161559888579,0.919,-35.8,-10,1
0.707520891364902,0.912,-35.8,-10,1
0.746518105849582,0.928,-35.8,-10,1
0.713091922005571,0.909,-35.8,-10,1
0.793871866295265,0.928,-35.8,-10,1
0.718662952646239,0.904,-35.8,-10,1
0.824512534818942,0.947,-36,-10,1
0.838440111420612,0.958,-36,-10,1
0.79108635097493,0.941,-36,-10,1
0.863509749303622,0.959,-36,-10,1
0.782729805013927,0.951,-36,-10,1
0.813370473537604,0.944,-36,-10,1
0.796657381615599,0.959,-36,-10,1
0.81058495821727,0.946,-36,-10,1
0.754874651810585,0.943,-36,-10,1
0.81058495821727,0.96,-36,-10,1
0.818941504178273,0.958,-36,-10,1
0.738161559888579,0.951,-36,-10,1
0.763231197771587,0.953,-36,-10,1
0.799442896935934,0.94,-36,-10,1
0.79108635097493,0.949,-36,-10,1
0.855153203342618,0.971,-36,-10,1
0.807799442896936,0.951,-36,-10,1
0.813370473537604,0.953,-36,-10,1
0.818941504178273,0.943,-36,-10,1
0.827298050139275,0.953,-36,-10,1
0.805013927576602,0.957,-36,-10,1
0.84958217270195,0.888,-36.5,-10,1
0.84958217270195,0.976,-36.5,-10,1
0.88857938718663,0.983,-36.5,-10,1
0.844011142061282,0.981,-36.5,-10,1
0.874651810584958,0.987,-36.5,-10,1
0.866295264623955,0.977,-36.5,-10,1
0.841225626740947,0.989,-36.5,-10,1
0.857938718662952,0.982,-36.5,-10,1
0.863509749303622,0.982,-36.5,-10,1
0.855153203342618,0.984,-36.5,-10,1
0.885793871866295,0.98,-36.5,-10,1
0.841225626740947,0.977,-36.5,-10,1
0.86908077994429,0.978,-36.5,-10,1
0.871866295264624,0.983,-36.5,-10,1
0.857938718662952,0.977,-36.5,-10,1
0.877437325905292,0.984,-36.5,-10,1
0.880222841225627,0.983,-36.5,-10,1
0.866295264623955,0.976,-36.5,-10,1
0.885793871866295,0.979,-36.5,-10,1
0.874651810584958,0.983,-36.5,-10,1
0.905292479108635,0.982,-36.5,-10,1
0.891364902506964,0.905,-37,-10,1
0.88857938718663,0.991,-37,-10,1
0.860724233983287,0.991,-37,-10,1
0.905292479108635,0.995,-37,-10,1
0.874651810584958,0.992,-37,-10,1
0.92200557103064,0.992,-37,-10,1
0.885793871866295,0.99,-37,-10,1
0.883008356545961,0.99,-37,-10,1
0.916434540389972,0.994,-37,-10,1
0.905292479108635,0.994,-37,-10,1
0.880222841225627,0.994,-37,-10,1
0.9025069637883,0.992,-37,-10,1
0.891364902506964,0.996,-37,-10,1
0.910863509749304,0.993,-37,-10,1
0.913649025069638,0.998,-37,-10,1
0.885793871866295,0.996,-37,-10,1
0.88857938718663,0.992,-37,-10,1
0.885793871866295,0.991,-37,-10,1
0.866295264623955,0.991,-37,-10,1
0.910863509749304,0.992,-37,-10,1
0.891364902506964,0.997,-37,-10,1
0.927576601671309,0.929,-37.5,-10,1
0.944289693593315,0.999,-37.5,-10,1
0.935933147632312,0.998,-37.5,-10,1
0.92200557103064,0.998,-37.5,-10,1
0.92200557103064,0.999,-37.5,-10,1
0.874651810584958,0.997,-37.5,-10,1
0.894150417827298,0.996,-37.5,-10,1
0.916434540389972,0.999,-37.5,-10,1
0.930362116991644,0.998,-37.5,-10,1
0.910863509749304,0.996,-37.5,-10,1
0.905292479108635,0.993,-37.5,-10,1
0.919220055710307,0.995,-37.5,-10,1
0.952646239554317,0.996,-37.5,-10,1
0.924791086350975,1,-37.5,-10,1
0.944289693593315,0.999,-37.5,-10,1
0.92200557103064,0.999,-37.5,-10,1
0.916434540389972,0.996,-37.5,-10,1
0.92200557103064,0.996,-37.5,-10,1
0.910863509749304,0.997,-37.5,-10,1
0.930362116991644,1,-37.5,-10,1
0.910863509749304,0.996,-37.5,-10,1
0.944289693593315,0.943,-38,-10,1
0.94150417827298,0.998,-38,-10,1
0.92200557103064,0.998,-38,-10,1
0.944289693593315,1,-38,-10,1
0.966573816155989,1,-38,-10,1
0.944289693593315,0.997,-38,-10,1
0.933147632311978,0.999,-38,-10,1
0.92200557103064,1,-38,-10,1
0.949860724233983,0.999,-38,-10,1
0.938718662952647,0.999,-38,-10,1
0.927576601671309,0.999,-38,-10,1
0.924791086350975,0.999,-38,-10,1
0.974930362116992,0.999,-38,-10,1
0.933147632311978,0.999,-38,-10,1
0.924791086350975,0.998,-38,-10,1
0.96100278551532,0.999,-38,-10,1
0.949860724233983,1,-38,-10,1
0.927576601671309,0.999,-38,-10,1
0.919220055710307,1,-38,-10,1
0.94150417827298,0.999,-38,-10,1
0.952646239554317,1,-38,-10,1
0.96100278551532,0.955,-38.5,-10,1
0.972144846796657,1,-38.5,-10,1
0.905292479108635,0.999,-38.5,-10,1
0.930362116991644,1,-38.5,-10,1
0.96100278551532,1,-38.5,-10,1
0.949860724233983,1,-38.5,-10,1
0.98050139275766,1,-38.5,-10,1
0.905292479108635,0.998,-38.5,-10,1
0.944289693593315,1.001,-38.5,-10,1
0.952646239554317,1,-38.5,-10,1
0.988857938718663,1,-38.5,-10,1
0.947075208913649,1,-38.5,-10,1
0.963788300835655,1,-38.5,-10,1
0.966573816155989,1,-38.5,-10,1
0.947075208913649,1,-38.5,-10,1
0.916434540389972,0.999,-38.5,-10,1
0.949860724233983,1,-38.5,-10,1
0.92200557103064,1,-38.5,-10,1
0.963788300835655,0.999,-38.5,-10,1
0.944289693593315,1,-38.5,-10,1
0.919220055710307,0.999,-38.5,-10,1
0.963788300835655,0.959,-39,-10,1
0.977715877437325,1,-39,-10,1
0.974930362116992,1,-39,-10,1
0.958217270194986,1,-39,-10,1
0.96100278551532,1,-39,-10,1
0.92200557103064,1,-39,-10,1
0.949860724233983,1,-39,-10,1
0.955431754874652,1,-39,-10,1
0.963788300835655,0.999,-39,-10,1
0.963788300835655,1,-39,-10,1
0.938718662952647,1,-39,-10,1
0.963788300835655,0.999,-39,-10,1
0.969359331476323,1,-39,-10,1
0.92200557103064,1,-39,-10,1
0.955431754874652,1,-39,-10,1
0.952646239554317,1,-39,-10,1
0.958217270194986,1,-39,-10,1
0.947075208913649,1,-39,-10,1
0.958217270194986,1,-39,-10,1
0.966573816155989,1,-39,-10,1
0.938718662952647,1,-39,-10,1
0.972144846796657,0.915,-40,-10,1
0.966573816155989,1,-40,-10,1
0.983286908077995,1,-40,-10,1
0.952646239554317,1,-40,-10,1
0.969359331476323,1,-40,-10,1
0.969359331476323,1,-40,-10,1
0.952646239554317,1,-40,-10,1
0.958217270194986,1,-40,-10,1
0.997214484679665,1,-40,-10,1
0.952646239554317,1,-40,-10,1
0.972144846796657,1,-40,-10,1
0.98050139275766,1,-40,-10,1
0.98050139275766,1,-40,-10,1
0.986072423398328,1,-40,-10,1
0.947075208913649,1,-40,-10,1
1,1,-40,-10,1
0.952646239554317,1,-40,-10,1
0.983286908077995,1,-40,-10,1
0.958217270194986,1,-40,-10,1
0.983286908077995,1,-40,-10,1
0.98050139275766,1,-40,-10,1
0.128,0.18,-30,0,1
0.194,0.19,-30,0,1
0.174,0.171,-30,0,1
0.172,0.218,-30,0,1
0.238,0.173,-30,0,1
0.202,0.176,-30,0,1
0.244,0.186,-30,0,1
0.122,0.184,-30,0,1
0.0460000000000001,0.179,-30,0,1
0.132,0.179,-30,0,1
0.11,0.181,-30,0,1
0.182,0.161,-30,0,1
0.128,0.201,-30,0,1
0.144,0.18,-30,0,1
0.112,0.192,-30,0,1
0.144,0.211,-30,0,1
0.228,0.168,-30,0,1
0.158,0.196,-30,0,1
0.116,0.181,-30,0,1
0.152,0.224,-30,0,1
0.242,0.188,-30,0,1
0,0.191,-30.5,0,1
0.114,0.172,-30.5,0,1
0.196,0.178,-30.5,0,1
0.21,0.183,-30.5,0,1
0.274,0.184,-30.5,0,1
0.236,0.188,-30.5,0,1
0.112,0.196,-30.5,0,1
0.212,0.193,-30.5,0,1
0.186,0.194,-30.5,0,1
0.214,0.202,-30.5,0,1
0.214,0.203,-30.5,0,1
0.22,0.172,-30.5,0,1
0.306,0.2,-30.5,0,1
0.276,0.203,-30.5,0,1
0.294,0.197,-30.5,0,1
0.252,0.164,-30.5,0,1
0.23,0.177,-30.5,0,1
0.318,0.192,-30.5,0,1
0.15,0.203,-30.5,0,1
0.168,0.197,-30.5,0,1
0.168,0.185,-30.5,0,1
0.244,0.158,-31,0,1
0.296,0.187,-31,0,1
0.33,0.174,-31,0,1
0.246,0.142,-31,0,1
0.162,0.172,-31,0,1
0.224,0.167,-31,0,1
0.166,0.182,-31,0,1
0.436,0.166,-32,0,1
0.44,0.169,-32,0,1
0.596,0.183,-32,0,1
0.59,0.163,-32,0,1
0.538,0.167,-32,0,1
0.534,0.164,-32,0,1
0.538,0.175,-32,0,1
0.57,0.181,-32,0,1
0.578,0.158,-32,0,1
0.49,0.16,-32,0,1
0.432,0.177,-32,0,1
0.364,0.19,-32,0,1
0.32,0.144,-32,0,1
0.312,0.168,-32,0,1
0.306,0.178,-32,0,1
0.368,0.192,-32,0,1
0.408,0.182,-32,0,1
0.422,0.19,-32,0,1
0.384,0.177,-32,0,1
0.398,0.182,-32,0,1
0.442,0.183,-32,0,1
0.246,0.145,-33,0,1
0.358,0.161,-33,0,1
0.422,0.136,-33,0,1
0.324,0.142,-33,0,1
0.358,0.163,-33,0,1
0.406,0.152,-33,0,1
0.388,0.149,-33,0,1
0.418,0.152,-33,0,1
0.448,0.175,-33,0,1
0.422,0.151,-33,0,1
0.424,0.146,-33,0,1
0.528,0.142,-33,0,1
0.442,0.17,-33,0,1
0.42,0.159,-33,0,1
0.396,0.138,-33,0,1
0.49,0.171,-33,0,1
0.436,0.166,-33,0,1
0.344,0.155,-33,0,1
0.392,0.151,-33,0,1
0.356,0.152,-33,0,1
0.404,0.178,-33,0,1
0.442,0.142,-34,0,1
0.5,0.153,-34,0,1
0.488,0.145,-34,0,1
0.504,0.142,-34,0,1
0.446,0.145,-34,0,1
0.374,0.141,-34,0,1
0.512,0.151,-34,0,1
0.56,0.142,-34,0,1
0.512,0.13,-34,0,1
0.568,0.128,-34,0,1
0.56,0.146,-34,0,1
0.58,0.137,-34,0,1
0.594,0.161,-34,0,1
0.552,0.147,-34,0,1
0.626,0.146,-34,0,1
0.532,0.165,-34,0,1
0.44,0.148,-34,0,1
0.446,0.14,-34,0,1
0.518,0.129,-34,0,1
0.6,0.148,-34,0,1
0.56,0.146,-34,0,1
0.572,0.145,-35,0,1
0.436,0.159,-35,0,1
0.666,0.152,-35,0,1
0.588,0.136,-35,0,1
0.632,0.149,-35,0,1
0.606,0.136,-35,0,1
0.532,0.131,-35,0,1
0.6,0.147,-35,0,1
0.726,0.164,-35,0,1
0.644,0.157,-35,0,1
0.558,0.173,-35,0,1
0.618,0.159,-35,0,1
0.666,0.158,-35,0,1
0.624,0.163,-35,0,1
0.612,0.139,-35,0,1
0.54,0.134,-35,0,1
0.626,0.156,-35,0,1
0.652,0.14,-35,0,1
0.578,0.145,-35,0,1
0.588,0.155,-35,0,1
0.662,0.136,-35,0,1
0.704,0.153,-36,0,1
0.6,0.172,-36,0,1
0.66,0.203,-36,0,1
0.64,0.186,-36,0,1
0.538,0.173,-36,0,1
0.648,0.15,-36,0,1
0.596,0.169,-36,0,1
0.724,0.174,-36,0,1
0.67,0.16,-36,0,1
0.678,0.168,-36,0,1
0.598,0.169,-36,0,1
0.556,0.162,-36,0,1
0.586,0.167,-36,0,1
0.594,0.165,-36,0,1
0.652,0.184,-36,0,1
0.646,0.176,-36,0,1
0.586,0.18,-36,0,1
0.702,0.193,-36,0,1
0.682,0.16,-36,0,1
0.622,0.15,-36,0,1
0.6,0.171,-36,0,1
0.704,0.189,-37,0,1
0.656,0.208,-37,0,1
0.714,0.207,-37,0,1
0.646,0.218,-37,0,1
0.656,0.224,-37,0,1
0.588,0.227,-37,0,1
0.716,0.295,-37,0,1
0.762,0.303,-37,0,1
0.728,0.313,-37,0,1
0.834,0.31,-37,0,1
0.754,0.302,-37,0,1
0.742,0.308,-37,0,1
0.754,0.32,-37,0,1
0.724,0.29,-37,0,1
0.762,0.274,-37,0,1
0.726,0.291,-37,0,1
0.734,0.294,-37,0,1
0.708,0.258,-37,0,1
0.794,0.278,-37,0,1
0.766,0.275,-37,0,1
0.792,0.266,-37,0,1
0.768,0.47,-37.5,0,1
0.82,0.372,-37.5,0,1
0.81,0.297,-37.5,0,1
0.778,0.349,-37.5,0,1
0.746,0.333,-37.5,0,1
0.8,0.349,-37.5,0,1
0.768,0.394,-37.5,0,1
0.782,0.439,-37.5,0,1
0.754,0.452,-37.5,0,1
0.758,0.401,-37.5,0,1
0.66,0.448,-37.5,0,1
0.724,0.535,-37.5,0,1
0.768,0.458,-37.5,0,1
0.686,0.48,-37.5,0,1
0.694,0.472,-37.5,0,1
0.678,0.483,-37.5,0,1
0.67,0.469,-37.5,0,1
0.692,0.47,-37.5,0,1
0.66,0.462,-37.5,0,1
0.784,0.433,-37.5,0,1
0.778,0.557,-37.5,0,1
0.784,0.427,-38,0,1
0.916,0.451,-38,0,1
0.898,0.565,-38,0,1
0.834,0.502,-38,0,1
0.812,0.516,-38,0,1
0.812,0.472,-38,0,1
0.722,0.468,-38,0,1
0.728,0.385,-38,0,1
0.77,0.383,-38,0,1
0.774,0.465,-38,0,1
0.79,0.356,-38,0,1
0.704,0.326,-38,0,1
0.848,0.397,-38,0,1
0.818,0.4,-38,0,1
0.826,0.459,-38,0,1
0.772,0.368,-38,0,1
0.804,0.363,-38,0,1
0.874,0.397,-38,0,1
0.814,0.364,-38,0,1
0.752,0.345,-38,0,1
0.706,0.359,-38,0,1
0.764,0.532,-38.5,0,1
0.688,0.549,-38.5,0,1
0.682,0.509,-38.5,0,1
0.754,0.479,-38.5,0,1
0.766,0.51,-38.5,0,1
0.746,0.536,-38.5,0,1
0.696,0.573,-38.5,0,1
0.752,0.597,-38.5,0,1
0.75,0.516,-38.5,0,1
0.828,0.542,-38.5,0,1
0.806,0.569,-38.5,0,1
0.846,0.636,-38.5,0,1
0.808,0.568,-38.5,0,1
0.816,0.605,-38.5,0,1
0.786,0.564,-38.5,0,1
0.768,0.515,-38.5,0,1
0.766,0.514,-38.5,0,1
0.784,0.534,-38.5,0,1
0.78,0.517,-38.5,0,1
0.81,0.568,-38.5,0,1
0.75,0.546,-38.5,0,1
0.802,0.515,-39,0,1
0.726,0.61,-39,0,1
0.742,0.57,-39,0,1
0.722,0.574,-39,0,1
0.72,0.538,-39,0,1
0.768,0.552,-39,0,1
0.778,0.563,-39,0,1
0.736,0.534,-39,0,1
0.778,0.61,-39,0,1
0.732,0.551,-39,0,1
0.742,0.51,-39,0,1
0.792,0.532,-39,0,1
0.772,0.609,-39,0,1
0.728,0.593,-39,0,1
0.794,0.596,-39,0,1
0.776,0.583,-39,0,1
0.728,0.577,-39,0,1
0.778,0.606,-39,0,1
0.734,0.583,-39,0,1
0.822,0.577,-39,0,1
0.822,0.612,-39,0,1
0.68,0.781,-39.5,0,1
0.738,0.806,-39.5,0,1
0.704,0.759,-39.5,0,1
0.826,0.724,-39.5,0,1
0.832,0.803,-39.5,0,1
0.768,0.693,-39.5,0,1
0.632,0.643,-39.5,0,1
0.65,0.605,-39.5,0,1
0.808,0.798,-39.5,0,1
0.806,0.676,-39.5,0,1
0.752,0.659,-39.5,0,1
0.76,0.67,-39.5,0,1
0.794,0.729,-39.5,0,1
0.722,0.704,-39.5,0,1
0.708,0.644,-39.5,0,1
0.78,0.634,-39.5,0,1
0.736,0.726,-39.5,0,1
0.758,0.82,-39.5,0,1
0.756,0.854,-39.5,0,1
0.712,0.836,-39.5,0,1
0.746,0.775,-39.5,0,1
0.818,0.81,-40,0,1
0.77,0.801,-40,0,1
0.824,0.87,-40,0,1
0.776,0.895,-40,0,1
0.754,0.863,-40,0,1
0.788,0.862,-40,0,1
0.778,0.867,-40,0,1
0.794,0.866,-40,0,1
0.84,0.874,-40,0,1
0.764,0.86,-40,0,1
0.84,0.919,-40,0,1
0.828,0.908,-40,0,1
0.8,0.889,-40,0,1
0.838,0.907,-40,0,1
0.87,0.907,-40,0,1
0.82,0.892,-40,0,1
0.782,0.895,-40,0,1
0.788,0.89,-40,0,1
0.8,0.888,-40,0,1
0.826,0.879,-40,0,1
0.794,0.877,-40,0,1
0.89,0.969,-40.5,0,1
0.904,0.976,-40.5,0,1
0.88,0.942,-40.5,0,1
0.876,0.949,-40.5,0,1
0.828,0.953,-40.5,0,1
0.898,0.956,-40.5,0,1
0.882,0.952,-40.5,0,1
0.92,0.958,-40.5,0,1
0.874,0.956,-40.5,0,1
0.784,0.943,-40.5,0,1
0.844,0.97,-40.5,0,1
0.81,0.959,-40.5,0,1
0.802,0.963,-40.5,0,1
0.774,0.943,-40.5,0,1
0.824,0.954,-40.5,0,1
0.876,0.959,-40.5,0,1
0.952,0.983,-40.5,0,1
0.904,0.965,-40.5,0,1
0.926,0.967,-40.5,0,1
0.904,0.968,-40.5,0,1
0.904,0.973,-40.5,0,1
0.942,0.955,-41,0,1
0.926,0.973,-41,0,1
0.884,0.979,-41,0,1
0.906,0.98,-41,0,1
0.912,0.977,-41,0,1
0.902,0.963,-41,0,1
0.87,0.978,-41,0,1
0.87,0.969,-41,0,1
0.854,0.974,-41,0,1
0.862,0.971,-41,0,1
0.876,0.976,-41,0,1
0.836,0.978,-41,0,1
0.85,0.978,-41,0,1
0.846,0.973,-41,0,1
0.822,0.978,-41,0,1
0.834,0.971,-41,0,1
0.862,0.972,-41,0,1
0.916,0.973,-41,0,1
0.81,0.968,-41,0,1
0.766,0.964,-41,0,1
0.834,0.952,-41,0,1
0.948,0.954,-41.5,0,1
0.89,0.973,-41.5,0,1
0.894,0.991,-41.5,0,1
0.87,0.987,-41.5,0,1
0.904,0.998,-41.5,0,1
0.954,0.996,-41.5,0,1
0.886,0.986,-41.5,0,1
0.87,0.98,-41.5,0,1
0.932,0.98,-41.5,0,1
0.884,0.983,-41.5,0,1
0.908,0.983,-41.5,0,1
0.818,0.977,-41.5,0,1
0.846,0.974,-41.5,0,1
0.908,0.99,-41.5,0,1
0.908,0.99,-41.5,0,1
0.842,0.987,-41.5,0,1
0.922,0.995,-41.5,0,1
0.94,0.999,-41.5,0,1
0.988,0.996,-41.5,0,1
0.928,0.996,-41.5,0,1
0.972,0.996,-41.5,0,1
0.884,0.973,-42,0,1
0.916,0.998,-42,0,1
0.876,0.999,-42,0,1
0.924,0.995,-42,0,1
0.894,0.996,-42,0,1
0.886,0.992,-42,0,1
0.912,0.993,-42,0,1
0.94,0.995,-42,0,1
0.954,0.997,-42,0,1
0.886,0.997,-42,0,1
0.948,0.996,-42,0,1
0.938,0.994,-42,0,1
0.892,0.983,-42,0,1
0.968,0.992,-42,0,1
1,0.995,-42,0,1
0.948,0.999,-42,0,1
0.944,0.994,-42,0,1
0.938,0.998,-42,0,1
0.888,0.998,-42,0,1
0.92,0.998,-42,0,1
0.918,0.992,-42,0,1
0.757990867579908,0.167,-34,9,1
0.716894977168949,0.142,-34,9,1
0.672374429223744,0.139,-34,9,1
0.703196347031963,0.144,-34,9,1
0.621004566210045,0.143,-34,9,1
0.732876712328767,0.149,-34,9,1
0.684931506849315,0.146,-34,9,1
0.672374429223744,0.146,-34,9,1
0.710045662100457,0.156,-34,9,1
0.668949771689498,0.14,-34,9,1
0.640410958904109,0.137,-34,9,1
0.66324200913242,0.157,-34,9,1
0.634703196347032,0.144,-34,9,1
0.70662100456621,0.162,-34,9,1
0.662100456621005,0.148,-34,9,1
0.65296803652968,0.166,-34,9,1
0.665525114155251,0.178,-34,9,1
0.698630136986301,0.134,-34,9,1
0.656392694063927,0.163,-34,9,1
0.610730593607306,0.154,-34,9,1
0.165525114155251,0.165,-25,10,1
0.156392694063927,0.169,-25,10,1
0.115296803652968,0.167,-25,10,1
0.139269406392694,0.174,-25,10,1
0.113013698630137,0.152,-25,10,1
0.0753424657534247,0.161,-25,10,1
0.0913242009132421,0.163,-25,10,1
0.131278538812785,0.161,-25,10,1
0.067351598173516,0.153,-25,10,1
0.144977168949772,0.14,-25,10,1
0.200913242009132,0.17,-25,10,1
0.148401826484018,0.178,-25,10,1
0.0993150684931508,0.151,-25,10,1
0.0833333333333334,0.181,-25,10,1
0.0627853881278539,0.162,-25,10,1
0,0.156,-25,10,1
0.118721461187214,0.145,-25,10,1
0.116438356164383,0.158,-25,10,1
0.0570776255707762,0.145,-25,10,1
0.117579908675799,0.161,-25,10,1
0.182648401826484,0.177,-25,10,1
0.311643835616438,0.144,-29,10,1
0.310502283105023,0.166,-29,10,1
0.310502283105023,0.192,-29,10,1
0.321917808219178,0.179,-29,10,1
0.312785388127854,0.172,-29,10,1
0.340182648401826,0.182,-29,10,1
0.311643835616438,0.164,-29,10,1
0.289954337899543,0.169,-29,10,1
0.312785388127854,0.189,-29,10,1
0.331050228310502,0.17,-29,10,1
0.345890410958904,0.179,-29,10,1
0.327625570776256,0.159,-29,10,1
0.296803652968036,0.194,-29,10,1
0.279680365296804,0.158,-29,10,1
0.280821917808219,0.166,-29,10,1
0.295662100456621,0.169,-29,10,1
0.252283105022831,0.158,-29,10,1
0.339041095890411,0.172,-29,10,1
0.363013698630137,0.169,-29,10,1
0.328767123287671,0.176,-29,10,1
0.309360730593607,0.166,-29,10,1
0.428082191780822,0.191,-30,10,1
0.422374429223744,0.193,-30,10,1
0.429223744292237,0.183,-30,10,1
0.417808219178082,0.2,-30,10,1
0.400684931506849,0.16,-30,10,1
0.409817351598173,0.166,-30,10,1
0.438356164383562,0.175,-30,10,1
0.429223744292237,0.161,-30,10,1
0.431506849315068,0.193,-30,10,1
0.386986301369863,0.169,-30,10,1
0.389269406392694,0.163,-30,10,1
0.356164383561644,0.177,-30,10,1
0.375570776255708,0.177,-30,10,1
0.46689497716895,0.188,-30,10,1
0.424657534246575,0.157,-30,10,1
0.366438356164384,0.167,-30,10,1
0.371004566210046,0.165,-30,10,1
0.361872146118721,0.182,-30,10,1
0.321917808219178,0.151,-30,10,1
0.390410958904109,0.163,-30,10,1
0.424657534246575,0.184,-30,10,1
0.53310502283105,0.188,-31,10,1
0.490867579908676,0.177,-31,10,1
0.538812785388128,0.159,-31,10,1
0.514840182648401,0.176,-31,10,1
0.531963470319635,0.153,-31,10,1
0.528538812785388,0.146,-31,10,1
0.569634703196347,0.181,-31,10,1
0.555936073059361,0.2,-31,10,1
0.5662100456621,0.183,-31,10,1
0.529680365296804,0.163,-31,10,1
0.525114155251141,0.193,-31,10,1
0.539954337899543,0.21,-31,10,1
0.470319634703196,0.18,-31,10,1
0.476027397260274,0.159,-31,10,1
0.502283105022831,0.161,-31,10,1
0.526255707762557,0.181,-31,10,1
0.506849315068493,0.177,-31,10,1
0.538812785388128,0.163,-31,10,1
0.474885844748858,0.167,-31,10,1
0.485159817351598,0.173,-31,10,1
0.490867579908676,0.181,-31,10,1
0.563926940639269,0.172,-32,10,1
0.613013698630137,0.156,-32,10,1
0.583333333333333,0.162,-32,10,1
0.591324200913242,0.15,-32,10,1
0.600456621004566,0.161,-32,10,1
0.551369863013698,0.183,-32,10,1
0.600456621004566,0.155,-32,10,1
0.551369863013698,0.149,-32,10,1
0.622146118721461,0.167,-32,10,1
0.615296803652968,0.134,-32,10,1
0.649543378995433,0.176,-32,10,1
0.655251141552511,0.157,-32,10,1
0.603881278538813,0.154,-32,10,1
0.560502283105023,0.169,-32,10,1
0.567351598173516,0.157,-32,10,1
0.591324200913242,0.147,-32,10,1
0.5662100456621,0.142,-32,10,1
0.617579908675799,0.157,-32,10,1
0.573059360730593,0.142,-32,10,1
0.601598173515982,0.164,-32,10,1
0.610730593607306,0.18,-32,10,1
0.649543378995433,0.148,-33,10,1
0.633561643835616,0.138,-33,10,1
0.635844748858447,0.155,-33,10,1
0.634703196347032,0.145,-33,10,1
0.601598173515982,0.147,-33,10,1
0.600456621004566,0.17,-33,10,1
0.634703196347032,0.136,-33,10,1
0.644977168949771,0.158,-33,10,1
0.660958904109589,0.167,-33,10,1
0.558219178082192,0.158,-33,10,1
0.634703196347032,0.142,-33,10,1
0.607305936073059,0.135,-33,10,1
0.624429223744292,0.159,-33,10,1
0.547945205479452,0.134,-33,10,1
0.61986301369863,0.148,-33,10,1
0.593607305936073,0.158,-33,10,1
0.680365296803653,0.155,-33,10,1
0.686073059360731,0.151,-33,10,1
0.680365296803653,0.183,-33,10,1
0.643835616438356,0.152,-33,10,1
0.660958904109589,0.157,-33,10,1
0.694063926940639,0.159,-34,10,1
0.720319634703196,0.15,-34,10,1
0.680365296803653,0.143,-34,10,1
0.651826484018265,0.146,-34,10,1
0.69634703196347,0.165,-34,10,1
0.662100456621005,0.136,-34,10,1
0.687214611872146,0.16,-34,10,1
0.659817351598173,0.135,-34,10,1
0.67579908675799,0.163,-34,10,1
0.695205479452055,0.152,-34,10,1
0.59703196347032,0.138,-34,10,1
0.67351598173516,0.134,-34,10,1
0.683789954337899,0.147,-34,10,1
0.635844748858447,0.167,-34,10,1
0.627853881278539,0.152,-34,10,1
0.735159817351598,0.156,-34,10,1
0.674657534246575,0.165,-34,10,1
0.698630136986301,0.147,-34,10,1
0.710045662100457,0.162,-34,10,1
0.692922374429223,0.149,-34,10,1
0.728310502283105,0.156,-34,10,1
0.736301369863014,0.153,-35,10,1
0.690639269406393,0.163,-35,10,1
0.66324200913242,0.136,-35,10,1
0.626712328767123,0.148,-35,10,1
0.672374429223744,0.148,-35,10,1
0.694063926940639,0.155,-35,10,1
0.707762557077625,0.133,-35,10,1
0.707762557077625,0.13,-35,10,1
0.615296803652968,0.145,-35,10,1
0.654109589041096,0.156,-35,10,1
0.679223744292237,0.144,-35,10,1
0.689497716894977,0.145,-35,10,1
0.689497716894977,0.147,-35,10,1
0.649543378995433,0.134,-35,10,1
0.646118721461187,0.157,-35,10,1
0.647260273972602,0.145,-35,10,1
0.643835616438356,0.124,-35,10,1
0.659817351598173,0.144,-35,10,1
0.66324200913242,0.15,-35,10,1
0.728310502283105,0.133,-35,10,1
0.708904109589041,0.162,-35,10,1
0.742009132420091,0.199,-36,10,1
0.726027397260273,0.193,-36,10,1
0.714611872146119,0.157,-36,10,1
0.707762557077625,0.147,-36,10,1
0.752283105022831,0.174,-36,10,1
0.786529680365296,0.188,-36,10,1
0.738584474885845,0.181,-36,10,1
0.743150684931507,0.169,-36,10,1
0.77283105022831,0.188,-36,10,1
0.757990867579908,0.235,-36,10,1
0.76255707762557,0.2,-36,10,1
0.72945205479452,0.206,-36,10,1
0.72945205479452,0.207,-36,10,1
0.752283105022831,0.218,-36,10,1
0.711187214611872,0.201,-36,10,1
0.703196347031963,0.186,-36,10,1
0.752283105022831,0.24,-36,10,1
0.73972602739726,0.26,-36,10,1
0.686073059360731,0.212,-36,10,1
0.747716894977169,0.187,-36,10,1
0.743150684931507,0.198,-36,10,1
0.700913242009132,0.193,-36.5,10,1
0.73972602739726,0.218,-36.5,10,1
0.700913242009132,0.211,-36.5,10,1
0.682648401826484,0.194,-36.5,10,1
0.734018264840182,0.185,-36.5,10,1
0.699771689497717,0.195,-36.5,10,1
0.724885844748858,0.197,-36.5,10,1
0.678082191780822,0.218,-36.5,10,1
0.743150684931507,0.242,-36.5,10,1
0.746575342465754,0.247,-36.5,10,1
0.719178082191781,0.212,-36.5,10,1
0.78310502283105,0.232,-36.5,10,1
0.78310502283105,0.2,-36.5,10,1
0.776255707762557,0.205,-36.5,10,1
0.761415525114155,0.194,-36.5,10,1
0.763698630136986,0.22,-36.5,10,1
0.711187214611872,0.209,-36.5,10,1
0.763698630136986,0.204,-36.5,10,1
0.708904109589041,0.201,-36.5,10,1
0.746575342465754,0.183,-36.5,10,1
0.78310502283105,0.187,-36.5,10,1
0.752283105022831,0.311,-37,10,1
0.812785388127854,0.352,-37,10,1
0.801369863013698,0.361,-37,10,1
0.769406392694064,0.255,-37,10,1
0.812785388127854,0.324,-37,10,1
0.825342465753425,0.321,-37,10,1
0.829908675799087,0.301,-37,10,1
0.821917808219178,0.286,-37,10,1
0.823059360730593,0.309,-37,10,1
0.83675799086758,0.299,-37,10,1
0.797945205479452,0.317,-37,10,1
0.779680365296804,0.331,-37,10,1
0.789954337899543,0.329,-37,10,1
0.807077625570776,0.303,-37,10,1
0.811643835616438,0.333,-37,10,1
0.785388127853881,0.313,-37,10,1
0.749999999999999,0.312,-37,10,1
0.801369863013698,0.325,-37,10,1
0.740867579908675,0.286,-37,10,1
0.76255707762557,0.312,-37,10,1
0.807077625570776,0.319,-37,10,1
0.754566210045661,0.288,-37.5,10,1
0.76027397260274,0.333,-37.5,10,1
0.779680365296804,0.305,-37.5,10,1
0.746575342465754,0.309,-37.5,10,1
0.76255707762557,0.329,-37.5,10,1
0.744292237442922,0.338,-37.5,10,1
0.767123287671233,0.337,-37.5,10,1
0.79337899543379,0.33,-37.5,10,1
0.768264840182648,0.349,-37.5,10,1
0.78310502283105,0.336,-37.5,10,1
0.809360730593607,0.333,-37.5,10,1
0.810502283105022,0.364,-37.5,10,1
0.749999999999999,0.389,-37.5,10,1
0.769406392694064,0.332,-37.5,10,1
0.76027397260274,0.33,-37.5,10,1
0.748858447488584,0.338,-37.5,10,1
0.781963470319634,0.357,-37.5,10,1
0.833333333333333,0.351,-37.5,10,1
0.817351598173516,0.368,-37.5,10,1
0.761415525114155,0.4,-37.5,10,1
0.777397260273972,0.437,-37.5,10,1
0.744292237442922,0.292,-37.7,10,1
0.742009132420091,0.34,-37.7,10,1
0.779680365296804,0.304,-37.7,10,1
0.80593607305936,0.393,-37.7,10,1
0.767123287671233,0.344,-37.7,10,1
0.736301369863014,0.325,-37.7,10,1
0.708904109589041,0.323,-37.7,10,1
0.769406392694064,0.335,-37.7,10,1
0.747716894977169,0.283,-37.7,10,1
0.819634703196346,0.384,-37.7,10,1
0.757990867579908,0.405,-37.7,10,1
0.755707762557078,0.383,-37.7,10,1
0.757990867579908,0.335,-37.7,10,1
0.734018264840182,0.34,-37.7,10,1
0.820776255707763,0.38,-37.7,10,1
0.777397260273972,0.367,-37.7,10,1
0.781963470319634,0.398,-37.7,10,1
0.723744292237443,0.31,-37.7,10,1
0.735159817351598,0.352,-37.7,10,1
0.770547945205479,0.332,-37.7,10,1
0.807077625570776,0.346,-37.7,10,1
0.77283105022831,0.445,-38,10,1
0.792237442922374,0.517,-38,10,1
0.756849315068493,0.479,-38,10,1
0.840182648401826,0.529,-38,10,1
0.812785388127854,0.484,-38,10,1
0.780821917808219,0.526,-38,10,1
0.770547945205479,0.504,-38,10,1
0.816210045662101,0.486,-38,10,1
0.788812785388128,0.457,-38,10,1
0.809360730593607,0.457,-38,10,1
0.802511415525114,0.436,-38,10,1
0.76255707762557,0.37,-38,10,1
0.791095890410958,0.39,-38,10,1
0.787671232876712,0.395,-38,10,1
0.797945205479452,0.45,-38,10,1
0.811643835616438,0.504,-38,10,1
0.771689497716895,0.541,-38,10,1
0.866438356164383,0.557,-38,10,1
0.810502283105022,0.553,-38,10,1
0.80365296803653,0.555,-38,10,1
0.825342465753425,0.558,-38,10,1
0.723744292237443,0.537,-38.5,10,1
0.73972602739726,0.644,-38.5,10,1
0.738584474885845,0.621,-38.5,10,1
0.778538812785388,0.632,-38.5,10,1
0.802511415525114,0.669,-38.5,10,1
0.785388127853881,0.667,-38.5,10,1
0.785388127853881,0.627,-38.5,10,1
0.726027397260273,0.528,-38.5,10,1
0.789954337899543,0.592,-38.5,10,1
0.773972602739726,0.583,-38.5,10,1
0.765981735159817,0.581,-38.5,10,1
0.759132420091324,0.569,-38.5,10,1
0.80593607305936,0.551,-38.5,10,1
0.791095890410958,0.527,-38.5,10,1
0.76027397260274,0.609,-38.5,10,1
0.742009132420091,0.57,-38.5,10,1
0.79337899543379,0.57,-38.5,10,1
0.72945205479452,0.565,-38.5,10,1
0.702054794520548,0.618,-38.5,10,1
0.712328767123287,0.661,-38.5,10,1
0.702054794520548,0.583,-38.5,10,1
0.784246575342466,0.549,-38.7,10,1
0.712328767123287,0.618,-38.7,10,1
0.76255707762557,0.618,-38.7,10,1
0.753424657534246,0.592,-38.7,10,1
0.771689497716895,0.623,-38.7,10,1
0.821917808219178,0.629,-38.7,10,1
0.809360730593607,0.606,-38.7,10,1
0.821917808219178,0.554,-38.7,10,1
0.815068493150684,0.56,-38.7,10,1
0.82648401826484,0.584,-38.7,10,1
0.835616438356164,0.628,-38.7,10,1
0.849315068493151,0.569,-38.7,10,1
0.829908675799087,0.529,-38.7,10,1
0.789954337899543,0.518,-38.7,10,1
0.809360730593607,0.51,-38.7,10,1
0.840182648401826,0.536,-38.7,10,1
0.835616438356164,0.528,-38.7,10,1
0.775114155251142,0.556,-38.7,10,1
0.79337899543379,0.491,-38.7,10,1
0.840182648401826,0.531,-38.7,10,1
0.738584474885845,0.536,-38.7,10,1
0.754566210045661,0.753,-39,10,1
0.794520547945205,0.801,-39,10,1
0.770547945205479,0.821,-39,10,1
0.799086757990867,0.851,-39,10,1
0.751141552511416,0.831,-39,10,1
0.801369863013698,0.825,-39,10,1
0.837899543378995,0.787,-39,10,1
0.773972602739726,0.819,-39,10,1
0.796803652968036,0.765,-39,10,1
0.811643835616438,0.806,-39,10,1
0.802511415525114,0.823,-39,10,1
0.819634703196346,0.843,-39,10,1
0.796803652968036,0.8,-39,10,1
0.855022831050228,0.82,-39,10,1
0.807077625570776,0.837,-39,10,1
0.780821917808219,0.825,-39,10,1
0.738584474885845,0.837,-39,10,1
0.711187214611872,0.83,-39,10,1
0.737442922374429,0.857,-39,10,1
0.735159817351598,0.817,-39,10,1
0.745433789954338,0.806,-39,10,1
0.77283105022831,0.686,-39.5,10,1
0.776255707762557,0.726,-39.5,10,1
0.786529680365296,0.744,-39.5,10,1
0.801369863013698,0.719,-39.5,10,1
0.73972602739726,0.69,-39.5,10,1
0.825342465753425,0.728,-39.5,10,1
0.771689497716895,0.685,-39.5,10,1
0.730593607305936,0.686,-39.5,10,1
0.757990867579908,0.697,-39.5,10,1
0.764840182648402,0.76,-39.5,10,1
0.76027397260274,0.768,-39.5,10,1
0.797945205479452,0.72,-39.5,10,1
0.795662100456621,0.762,-39.5,10,1
0.730593607305936,0.692,-39.5,10,1
0.788812785388128,0.759,-39.5,10,1
0.752283105022831,0.839,-39.5,10,1
0.742009132420091,0.828,-39.5,10,1
0.753424657534246,0.811,-39.5,10,1
0.731735159817351,0.84,-39.5,10,1
0.794520547945205,0.845,-39.5,10,1
0.825342465753425,0.81,-39.5,10,1
0.821917808219178,0.814,-40,10,1
0.754566210045661,0.832,-40,10,1
0.840182648401826,0.846,-40,10,1
0.821917808219178,0.857,-40,10,1
0.800228310502283,0.892,-40,10,1
0.778538812785388,0.887,-40,10,1
0.778538812785388,0.878,-40,10,1
0.786529680365296,0.855,-40,10,1
0.809360730593607,0.882,-40,10,1
0.80365296803653,0.892,-40,10,1
0.85958904109589,0.882,-40,10,1
0.816210045662101,0.869,-40,10,1
0.855022831050228,0.891,-40,10,1
0.841324200913242,0.915,-40,10,1
0.849315068493151,0.914,-40,10,1
0.855022831050228,0.914,-40,10,1
0.85958904109589,0.92,-40,10,1
0.824200913242009,0.896,-40,10,1
0.810502283105022,0.896,-40,10,1
0.819634703196346,0.909,-40,10,1
0.842465753424657,0.905,-40,10,1
0.791095890410958,0.909,-40.5,10,1
0.80593607305936,0.91,-40.5,10,1
0.785388127853881,0.914,-40.5,10,1
0.778538812785388,0.911,-40.5,10,1
0.794520547945205,0.935,-40.5,10,1
0.812785388127854,0.934,-40.5,10,1
0.804794520547945,0.922,-40.5,10,1
0.802511415525114,0.93,-40.5,10,1
0.77283105022831,0.937,-40.5,10,1
0.78310502283105,0.914,-40.5,10,1
0.835616438356164,0.959,-40.5,10,1
0.839041095890411,0.95,-40.5,10,1
0.863013698630137,0.913,-40.5,10,1
0.845890410958904,0.941,-40.5,10,1
0.856164383561643,0.95,-40.5,10,1
0.885844748858448,0.942,-40.5,10,1
0.848173515981735,0.939,-40.5,10,1
0.839041095890411,0.924,-40.5,10,1
0.818493150684931,0.914,-40.5,10,1
0.79337899543379,0.923,-40.5,10,1
0.791095890410958,0.93,-40.5,10,1
0.850456621004566,0.933,-41,10,1
0.861872146118721,0.978,-41,10,1
0.85958904109589,0.971,-41,10,1
0.820776255707763,0.983,-41,10,1
0.841324200913242,0.988,-41,10,1
0.816210045662101,0.982,-41,10,1
0.831050228310502,0.96,-41,10,1
0.841324200913242,0.976,-41,10,1
0.815068493150684,0.98,-41,10,1
0.833333333333333,0.982,-41,10,1
0.883561643835616,0.986,-41,10,1
0.884703196347031,0.989,-41,10,1
0.845890410958904,0.982,-41,10,1
0.823059360730593,0.96,-41,10,1
0.851598173515981,0.962,-41,10,1
0.853881278538813,0.962,-41,10,1
0.877853881278539,0.953,-41,10,1
0.874429223744292,0.97,-41,10,1
0.856164383561643,0.964,-41,10,1
0.828767123287671,0.954,-41,10,1
0.811643835616438,0.945,-41,10,1
0.908675799086758,0.947,-42,10,1
0.876712328767123,0.996,-42,10,1
0.900684931506849,0.998,-42,10,1
0.904109589041096,0.998,-42,10,1
0.899543378995433,0.995,-42,10,1
0.904109589041096,0.998,-42,10,1
0.900684931506849,0.995,-42,10,1
0.897260273972602,0.998,-42,10,1
0.912100456621004,0.998,-42,10,1
0.884703196347031,0.996,-42,10,1
0.852739726027397,0.997,-42,10,1
0.882420091324201,0.993,-42,10,1
0.897260273972602,0.995,-42,10,1
0.910958904109589,0.997,-42,10,1
0.873287671232877,0.997,-42,10,1
0.880136986301369,0.997,-42,10,1
0.864155251141552,0.997,-42,10,1
0.847031963470319,0.995,-42,10,1
0.856164383561643,0.997,-42,10,1
0.868721461187214,0.999,-42,10,1
0.924657534246575,0.992,-42,10,1
0.86986301369863,0.961,-43,10,1
0.878995433789954,1,-43,10,1
0.901826484018265,1,-43,10,1
0.913242009132419,1,-43,10,1
0.913242009132419,1,-43,10,1
0.912100456621004,1,-43,10,1
0.899543378995433,0.998,-43,10,1
0.878995433789954,0.999,-43,10,1
0.864155251141552,1,-43,10,1
0.871004566210045,1,-43,10,1
0.899543378995433,1,-43,10,1
0.899543378995433,1,-43,10,1
0.881278538812786,1,-43,10,1
0.888127853881278,1,-43,10,1
0.876712328767123,1,-43,10,1
0.90296803652968,1,-43,10,1
0.910958904109589,1,-43,10,1
0.909817351598174,0.999,-43,10,1
0.882420091324201,1,-43,10,1
0.861872146118721,1,-43,10,1
0.883561643835616,1,-43,10,1
0.94634703196347,0.979,-44,10,1
0.950913242009132,1,-44,10,1
0.907534246575342,1,-44,10,1
0.95662100456621,1,-44,10,1
0.926940639269406,1,-44,10,1
0.906392694063927,1,-44,10,1
0.852739726027397,1,-44,10,1
0.845890410958904,1,-44,10,1
0.857305936073059,1,-44,10,1
0.877853881278539,1,-44,10,1
0.905251141552511,1,-44,10,1
0.905251141552511,1,-44,10,1
0.940639269406392,1,-44,10,1
0.917808219178082,1,-44,10,1
0.904109589041096,1,-44,10,1
0.893835616438356,1,-44,10,1
0.915525114155251,0.999,-44,10,1
0.904109589041096,1,-44,10,1
0.905251141552511,1,-44,10,1
0.900684931506849,1,-44,10,1
0.900684931506849,1,-44,10,1
0.893835616438356,0.928,-45,10,1
0.916666666666666,1,-45,10,1
0.918949771689498,1,-45,10,1
0.958904109589041,1,-45,10,1
0.957762557077625,1,-45,10,1
0.978310502283104,1,-45,10,1
0.971461187214612,1,-45,10,1
0.995433789954338,1,-45,10,1
1,1,-45,10,1
0.992009132420091,1,-45,10,1
0.929223744292237,1,-45,10,1
0.924657534246575,1,-45,10,1
0.924657534246575,1,-45,10,1
0.933789954337899,1,-45,10,1
0.915525114155251,1,-45,10,1
0.909817351598174,1,-45,10,1
0.930365296803653,1,-45,10,1
0.937214611872146,1,-45,10,1
0.945205479452054,1,-45,10,1
0.912100456621004,1,-45,10,1
0.950913242009132,1,-45,10,1
